[
  {
    "id": 0,
    "name": "Frieda",
    "picture": "images/scottish-terrier.jpeg",
    "age": 0,
    "breed": "Scottish Terrier",
    "location": "Lisco, Alabama"
  },
  {
    "id": 1,
    "name": "Collins",
    "picture": "images/french-bulldog.jpeg",
    "age": 1,
    "breed": "French Bulldog",
    "location": "Freeburn, Idaho"
  },
  {
    "id": 2,
    "name": "Melissa",
    "picture": "images/boxer.jpeg",
    "age": 2,
    "breed": "Boxer",
    "location": "Camas, Pennsylvania"
  },
  {
    "id": 3,
    "name": "Latisha",
    "picture": "images/golden-retriever.jpeg",
    "age": 3,
    "breed": "Golden Retriever",
    "location": "Soudan, Louisiana"
  }
]
